match_id,inning,batting_team,bowling_team,over,ball,batter,bowler,non_striker,batsman_runs,extra_runs,total_runs,extras_type,is_wicket,player_dismissed,dismissal_kind,fielder
1426312,1,Sunrisers Hyderabad,Kolkata Knight Riders,0,1,Abhishek Sharma,MA Starc,TM Head,0,0,0,,0,NA,NA,NA
1426312,1,Sunrisers Hyderabad,Kolkata Knight Riders,0,2,Abhishek Sharma,MA Starc,TM Head,0,0,0,,0,NA,NA,NA
1426312,1,Sunrisers Hyderabad,Kolkata Knight Riders,0,3,Abhishek Sharma,MA Starc,TM Head,0,0,0,,0,NA,NA,NA
1426312,1,Sunrisers Hyderabad,Kolkata Knight Riders,0,4,Abhishek Sharma,MA Starc,TM Head,2,0,2,,0,NA,NA,NA
1426312,1,Sunrisers Hyderabad,Kolkata Knight Riders,0,5,Abhishek Sharma,MA Starc,TM Head,0,0,0,,1,Abhishek Sharma,bowled,NA
1426312,1,Sunrisers Hyderabad,Kolkata Knight Riders,0,6,RA Tripathi,MA Starc,TM Head,1,0,1,,0,NA,NA,NA
1426312,1,Sunrisers Hyderabad,Kolkata Knight Riders,1,1,RA Tripathi,VG Arora,TM Head,0,0,0,,0,NA,NA,NA
1426312,1,Sunrisers Hyderabad,Kolkata Knight Riders,1,2,RA Tripathi,VG Arora,TM Head,0,0,0,,0,NA,NA,NA
1426312,1,Sunrisers Hyderabad,Kolkata Knight Riders,1,3,RA Tripathi,VG Arora,TM Head,0,0,0,,0,NA,NA,NA
1426312,1,Sunrisers Hyderabad,Kolkata Knight Riders,1,4,RA Tripathi,VG Arora,TM Head,0,2,2,legbyes,0,NA,NA,NA
1426312,1,Sunrisers Hyderabad,Kolkata Knight Riders,1,5,RA Tripathi,VG Arora,TM Head,1,0,1,,0,NA,NA,NA
1426312,1,Sunrisers Hyderabad,Kolkata Knight Riders,1,6,TM Head,VG Arora,RA Tripathi,0,0,0,,1,TM Head,caught,Rahmanullah Gurbaz
1426312,1,Sunrisers Hyderabad,Kolkata Knight Riders,2,1,RA Tripathi,MA Starc,AK Markram,4,0,4,,0,NA,NA,NA
1426312,1,Sunrisers Hyderabad,Kolkata Knight Riders,2,2,RA Tripathi,MA Starc,AK Markram,1,0,1,,0,NA,NA,NA
1426312,1,Sunrisers Hyderabad,Kolkata Knight Riders,2,3,AK Markram,MA Starc,RA Tripathi,0,0,0,,0,NA,NA,NA
1426312,1,Sunrisers Hyderabad,Kolkata Knight Riders,2,4,AK Markram,MA Starc,RA Tripathi,4,0,4,,0,NA,NA,NA
1426312,1,Sunrisers Hyderabad,Kolkata Knight Riders,2,5,AK Markram,MA Starc,RA Tripathi,0,0,0,,0,NA,NA,NA
1426312,1,Sunrisers Hyderabad,Kolkata Knight Riders,2,6,AK Markram,MA Starc,RA Tripathi,0,0,0,,0,NA,NA,NA
1426312,1,Sunrisers Hyderabad,Kolkata Knight Riders,3,1,RA Tripathi,VG Arora,AK Markram,0,1,1,wides,0,NA,NA,NA
1426312,1,Sunrisers Hyderabad,Kolkata Knight Riders,3,2,RA Tripathi,VG Arora,AK Markram,0,1,1,wides,0,NA,NA,NA
1426312,1,Sunrisers Hyderabad,Kolkata Knight Riders,3,3,RA Tripathi,VG Arora,AK Markram,1,0,1,,0,NA,NA,NA
1426312,1,Sunrisers Hyderabad,Kolkata Knight Riders,3,4,AK Markram,VG Arora,RA Tripathi,0,0,0,,0,NA,NA,NA
1426312,1,Sunrisers Hyderabad,Kolkata Knight Riders,3,5,AK Markram,VG Arora,RA Tripathi,1,0,1,,0,NA,NA,NA
1426312,1,Sunrisers Hyderabad,Kolkata Knight Riders,3,6,RA Tripathi,VG Arora,AK Markram,0,0,0,,0,NA,NA,NA
1426312,1,Sunrisers Hyderabad,Kolkata Knight Riders,3,7,RA Tripathi,VG Arora,AK Markram,0,1,1,wides,0,NA,NA,NA
1426312,1,Sunrisers Hyderabad,Kolkata Knight Riders,3,8,RA Tripathi,VG Arora,AK Markram,1,0,1,,0,NA,NA,NA
1426312,1,Sunrisers Hyderabad,Kolkata Knight Riders,3,9,AK Markram,VG Arora,RA Tripathi,0,0,0,,0,NA,NA,NA
1426312,1,Sunrisers Hyderabad,Kolkata Knight Riders,4,1,RA Tripathi,MA Starc,AK Markram,0,0,0,,0,NA,NA,NA
1426312,1,Sunrisers Hyderabad,Kolkata Knight Riders,4,2,RA Tripathi,MA Starc,AK Markram,0,0,0,,1,RA Tripathi,caught,Ramandeep Singh
1426312,1,Sunrisers Hyderabad,Kolkata Knight Riders,4,3,Nithish Kumar Reddy,MA Starc,AK Markram,1,0,1,,0,NA,NA,NA
1426312,1,Sunrisers Hyderabad,Kolkata Knight Riders,4,4,AK Markram,MA Starc,Nithish Kumar Reddy,1,0,1,,0,NA,NA,NA
1426312,1,Sunrisers Hyderabad,Kolkata Knight Riders,4,5,Nithish Kumar Reddy,MA Starc,AK Markram,0,0,0,,0,NA,NA,NA
1426312,1,Sunrisers Hyderabad,Kolkata Knight Riders,4,6,Nithish Kumar Reddy,MA Starc,AK Markram,0,0,0,,0,NA,NA,NA
1426312,2,Kolkata Knight Riders,Sunrisers Hyderabad,0,1,Rahmanullah Gurbaz,B Kumar,SP Narine,0,0,0,,0,NA,NA,NA
1426312,2,Kolkata Knight Riders,Sunrisers Hyderabad,0,2,Rahmanullah Gurbaz,B Kumar,SP Narine,4,0,4,,0,NA,NA,NA
1426312,2,Kolkata Knight Riders,Sunrisers Hyderabad,0,3,Rahmanullah Gurbaz,B Kumar,SP Narine,0,0,0,,0,NA,NA,NA
1426312,2,Kolkata Knight Riders,Sunrisers Hyderabad,0,4,Rahmanullah Gurbaz,B Kumar,SP Narine,0,1,1,wides,0,NA,NA,NA
1426312,2,Kolkata Knight Riders,Sunrisers Hyderabad,0,5,Rahmanullah Gurbaz,B Kumar,SP Narine,0,0,0,,0,NA,NA,NA
1426312,2,Kolkata Knight Riders,Sunrisers Hyderabad,0,6,Rahmanullah Gurbaz,B Kumar,SP Narine,0,0,0,,0,NA,NA,NA
1426312,2,Kolkata Knight Riders,Sunrisers Hyderabad,0,7,Rahmanullah Gurbaz,B Kumar,SP Narine,0,0,0,,0,NA,NA,NA
1426312,2,Kolkata Knight Riders,Sunrisers Hyderabad,1,1,SP Narine,PJ Cummins,Rahmanullah Gurbaz,6,0,6,,0,NA,NA,NA
1426312,2,Kolkata Knight Riders,Sunrisers Hyderabad,1,2,SP Narine,PJ Cummins,Rahmanullah Gurbaz,0,0,0,,1,SP Narine,caught,Shahbaz Ahmed
1426312,2,Kolkata Knight Riders,Sunrisers Hyderabad,1,3,VR Iyer,PJ Cummins,Rahmanullah Gurbaz,0,2,2,wides,0,NA,NA,NA
1426312,2,Kolkata Knight Riders,Sunrisers Hyderabad,1,4,Rahmanullah Gurbaz,PJ Cummins,VR Iyer,0,0,0,,0,NA,NA,NA
1426312,2,Kolkata Knight Riders,Sunrisers Hyderabad,1,5,Rahmanullah Gurbaz,PJ Cummins,VR Iyer,0,0,0,,0,NA,NA,NA
1426312,2,Kolkata Knight Riders,Sunrisers Hyderabad,1,6,Rahmanullah Gurbaz,PJ Cummins,VR Iyer,4,0,4,,0,NA,NA,NA
1426312,2,Kolkata Knight Riders,Sunrisers Hyderabad,1,7,Rahmanullah Gurbaz,PJ Cummins,VR Iyer,0,0,0,,0,NA,NA,NA
1426312,2,Kolkata Knight Riders,Sunrisers Hyderabad,2,1,VR Iyer,B Kumar,Rahmanullah Gurbaz,4,0,4,,0,NA,NA,NA
1426312,2,Kolkata Knight Riders,Sunrisers Hyderabad,2,2,VR Iyer,B Kumar,Rahmanullah Gurbaz,6,0,6,,0,NA,NA,NA
1426312,2,Kolkata Knight Riders,Sunrisers Hyderabad,2,3,VR Iyer,B Kumar,Rahmanullah Gurbaz,6,0,6,,0,NA,NA,NA
1426312,2,Kolkata Knight Riders,Sunrisers Hyderabad,2,4,VR Iyer,B Kumar,Rahmanullah Gurbaz,1,0,1,,0,NA,NA,NA
1426312,2,Kolkata Knight Riders,Sunrisers Hyderabad,2,5,Rahmanullah Gurbaz,B Kumar,VR Iyer,1,0,1,,0,NA,NA,NA
1426312,2,Kolkata Knight Riders,Sunrisers Hyderabad,2,6,VR Iyer,B Kumar,Rahmanullah Gurbaz,2,0,2,,0,NA,NA,NA
1426312,2,Kolkata Knight Riders,Sunrisers Hyderabad,3,1,Rahmanullah Gurbaz,T Natarajan,VR Iyer,0,1,1,wides,0,NA,NA,NA
1426312,2,Kolkata Knight Riders,Sunrisers Hyderabad,3,2,Rahmanullah Gurbaz,T Natarajan,VR Iyer,4,0,4,,0,NA,NA,NA
1426312,2,Kolkata Knight Riders,Sunrisers Hyderabad,3,3,Rahmanullah Gurbaz,T Natarajan,VR Iyer,0,0,0,,0,NA,NA,NA
1426312,2,Kolkata Knight Riders,Sunrisers Hyderabad,3,4,Rahmanullah Gurbaz,T Natarajan,VR Iyer,0,1,1,wides,0,NA,NA,NA
1426312,2,Kolkata Knight Riders,Sunrisers Hyderabad,3,5,Rahmanullah Gurbaz,T Natarajan,VR Iyer,0,0,0,,0,NA,NA,NA
1426312,2,Kolkata Knight Riders,Sunrisers Hyderabad,3,6,Rahmanullah Gurbaz,T Natarajan,VR Iyer,1,0,1,,0,NA,NA,NA
1426312,2,Kolkata Knight Riders,Sunrisers Hyderabad,3,7,VR Iyer,T Natarajan,Rahmanullah Gurbaz,1,0,1,,0,NA,NA,NA
1426312,2,Kolkata Knight Riders,Sunrisers Hyderabad,3,8,Rahmanullah Gurbaz,T Natarajan,VR Iyer,1,0,1,,0,NA,NA,NA
1426312,2,Kolkata Knight Riders,Sunrisers Hyderabad,4,1,Rahmanullah Gurbaz,PJ Cummins,VR Iyer,4,0,4,,0,NA,NA,NA
1426312,2,Kolkata Knight Riders,Sunrisers Hyderabad,4,2,Rahmanullah Gurbaz,PJ Cummins,VR Iyer,1,0,1,,0,NA,NA,NA
1426312,2,Kolkata Knight Riders,Sunrisers Hyderabad,4,3,VR Iyer,PJ Cummins,Rahmanullah Gurbaz,1,0,1,,0,NA,NA,NA
1426312,2,Kolkata Knight Riders,Sunrisers Hyderabad,4,4,Rahmanullah Gurbaz,PJ Cummins,VR Iyer,0,0,0,,0,NA,NA,NA
1426312,2,Kolkata Knight Riders,Sunrisers Hyderabad,4,5,Rahmanullah Gurbaz,PJ Cummins,VR Iyer,0,0,0,,0,NA,NA,NA
1426312,2,Kolkata Knight Riders,Sunrisers Hyderabad,4,6,Rahmanullah Gurbaz,PJ Cummins,VR Iyer,0,0,0,,0,NA,NA,NA
