venue_key,venue,city,country
1,Arun Jaitley Stadium,Delhi,India
2,Barabati Stadium,Cuttack,India
3,Barsapara Cricket Stadium,Guwahati,India
4,Bharat Ratna Shri Atal Bihari Vajpayee Ekana Cricket Stadium,Lucknow,India
5,Brabourne Stadium,Mumbai,India
6,Buffalo Park,East London,South Africa
7,De Beers Diamond Oval,Kimberley,South Africa
8,Dr DY Patil Sports Academy,Navi Mumbai,India
9,Dr Y S Rajasekhara Reddy ACA-VDCA Cricket Stadium,Visakhapatnam,India
10,Dubai International Cricket Stadium,Dubai,UAE
11,Eden Gardens,Kolkata,India
12,Green Park,Kanpur,India
13,Himachal Pradesh Cricket Association Stadium,Dharamsala,India
14,Holkar Cricket Stadium,Indore,India
15,JSCA International Stadium Complex,Ranchi,India
16,Kingsmead,Durban,South Africa
17,M Chinnaswamy Stadium,Bengaluru,India
18,MA Chidambaram Stadium,Chennai,India
19,Maharaja Yadavindra Singh International Cricket Stadium,Mohali,India
20,Maharashtra Cricket Association Stadium,Pune,India
21,Narendra Modi Stadium,Ahmedabad,India
22,Nehru Stadium,Kochi,India
23,New Wanderers Stadium,Johannesburg,South Africa
24,Newlands,Cape Town,South Africa
25,OUTsurance Oval,Bloemfontein,South Africa
26,Punjab Cricket Association IS Bindra Stadium,Chandigarh,India
27,Rajiv Gandhi International Stadium,Hyderabad,India
28,Saurashtra Cricket Association Stadium,Rajkot,India
29,Sawai Mansingh Stadium,Jaipur,India
30,Shaheed Veer Narayan Singh International Stadium,Raipur,India
31,Sharjah Cricket Stadium,Sharjah,UAE
32,St George's Park,Port Elizabeth,South Africa
33,SuperSport Park,Centurion,South Africa
34,Vidarbha Cricket Association Stadium,Nagpur,India
35,Wankhede Stadium,Mumbai,India
36,Zayed Cricket Stadium,Abu Dhabi,UAE
