season,first_match,last_match,matches,champion
2008,2008-04-18,2008-06-01,58,Rajasthan Royals
2009,2009-04-18,2009-05-24,57,Deccan Chargers
2010,2010-03-12,2010-04-25,60,Chennai Super Kings
2011,2011-04-08,2011-05-28,73,Chennai Super Kings
2012,2012-04-04,2012-05-27,74,Kolkata Knight Riders
2013,2013-04-03,2013-05-26,76,Mumbai Indians
2014,2014-04-16,2014-06-01,60,Kolkata Knight Riders
2015,2015-04-08,2015-05-24,59,Mumbai Indians
2016,2016-04-09,2016-05-29,60,Sunrisers Hyderabad
2017,2017-04-05,2017-05-21,59,Mumbai Indians
2018,2018-04-07,2018-05-27,60,Chennai Super Kings
2019,2019-03-23,2019-05-12,60,Mumbai Indians
2020,2020-09-19,2020-11-10,60,Mumbai Indians
2021,2021-04-09,2021-10-15,60,Chennai Super Kings
2022,2022-03-26,2022-05-29,74,Gujarat Titans
2023,2023-03-31,2023-05-29,74,Chennai Super Kings
2024,2024-03-22,2024-05-26,71,Kolkata Knight Riders
