player_key,player_name
2,A Badoni
8,A Kamboj
10,A Manohar
11,A Mishra
16,A Nortje
17,A Raghuvanshi
27,AA Kulkarni
42,AD Russell
48,AJ Turner
50,AK Markram
53,AM Rahane
61,AR Patel
62,AS Joseph
65,AS Roy
72,Abdul Samad
74,Abhishek Sharma
75,Abishek Porel
76,Akash Deep
77,Akash Madhwal
84,Anmolpreet Singh
85,Anuj Rawat
87,Arjun Tendulkar
88,Arshad Khan
89,Arshad Khan (2)
90,Arshdeep Singh
91,Ashutosh Sharma
92,Atharva Taide
93,Avesh Khan
95,Azmatullah Omarzai
100,B Kumar
103,B Sai Sudharsan
119,BR Sharath
124,C Green
148,CV Varun
149,D Brevis
150,D Ferreira
153,D Padikkal
158,DA Miller
159,DA Warner
164,DG Nalkande
168,DJ Hooda
172,DJ Mitchell
178,DL Chahar
195,Dhruv Jurel
200,F du Plessis
205,G Coetzee
215,GJ Maxwell
219,Gulbadin Naib
223,H Klaasen
224,H Sharma
229,HH Pandya
232,HV Patel
235,Harpreet Brar
236,Harpreet Singh
237,Harshit Rana
239,I Sharma
248,Ishan Kishan
251,J Fraser-McGurk
252,J Little
258,JA Richardson
260,JC Buttler
262,JD Unadkat
269,JJ Bumrah
274,JM Bairstow
276,JM Sharma
290,K Gowtham
293,K Rabada
298,KA Maharaj
304,KD Karthik
305,KH Pandya
307,KK Ahmed
311,KL Rahul
319,KR Sen
322,KS Williamson
323,KT Maphaka
324,KV Sharma
329,Kartik Tyagi
330,Kuldeep Yadav
331,Kumar Kushagra
336,L Wood
339,LB Williams
341,LH Ferguson
348,LS Livingstone
349,Lalit Yadav
352,M Jansen
357,M Markande
361,M Pathirana
364,M Shahrukh Khan
365,M Siddharth
366,M Theekshana
370,MA Agarwal
372,MA Starc
387,MJ Henry
390,MJ Santner
391,MJ Suthar
392,MK Lomror
393,MK Pandey
396,MM Ali
398,MM Sharma
401,MP Stoinis
402,MP Yadav
403,MR Marsh
405,MS Dhoni
407,MS Wade
412,Mayank Dagar
417,Mohammad Nabi
419,Mohammed Siraj
421,Mohsin Khan
424,Mukesh Choudhary
425,Mukesh Kumar
426,Mustafizur Rahman
427,N Burger
429,N Pooran
430,N Rana
432,N Thushara
433,N Wadhera
444,NT Ellis
446,Naman Dhir
448,Naveen-ul-Haq
449,Nithish Kumar Reddy
450,Noor Ahmad
466,P Simran Singh
473,PD Salt
475,PJ Cummins
480,PP Chawla
482,PP Shaw
486,PVD Chameera
490,Q de Kock
491,R Ashwin
494,R Dhawan
499,R Parag
500,R Powell
502,R Ravindra
503,R Sai Kishore
507,R Shepherd
509,R Tewatia
512,RA Jadeja
514,RA Tripathi
515,RD Chahar
516,RD Gaikwad
520,RG Sharma
521,RJ Gleeson
525,RJW Topley
526,RK Bhui
527,RK Singh
528,RM Patidar
534,RR Pant
537,RR Rossouw
548,Rahmanullah Gurbaz
549,Ramandeep Singh
550,Rashid Khan
551,Rasikh Salam
552,Ravi Bishnoi
558,S Dhawan
559,S Dube
560,S Gopal
561,S Joseph
571,S Sandeep Warrier
579,SA Yadav
581,SB Dubey
589,SD Hope
594,SH Johnson
601,SM Curran
607,SN Thakur
608,SO Hetmyer
612,SP Narine
618,SS Iyer
620,SS Prabhudessai
627,SV Samson
630,SZ Mulani
633,Sameer Rizvi
634,Sandeep Sharma
635,Sanvir Singh
636,Saurav Chauhan
637,Shahbaz Ahmed
640,Shashank Singh
643,Shivam Singh
647,Shubman Gill
648,Sikandar Raza
649,Simarjeet Singh
651,Sumit Kumar
654,Suyash Sharma
655,Swapnil Singh
658,T Kohler-Cadmore
660,T Natarajan
662,T Stubbs
665,TA Boult
668,TH David
673,TM Head
678,TU Deshpande
679,Tanush Kotian
681,Tilak Varma
686,UT Yadav
688,Umran Malik
689,V Kaverappa
690,V Kohli
693,V Shankar
694,V Viyaskanth
695,VG Arora
698,VR Iyer
704,Vijaykumar Vyshak
711,WG Jacks
712,WP Saha
714,Washington Sundar
721,YBK Jaiswal
723,YS Chahal
726,Yash Dayal
727,Yash Thakur
730,Yudhvir Singh
