match_id,inning,over_no,ball_no,season,batting_team_key,bowling_team_key,batter_key,bowler_key,batsman_runs,extra_runs,total_runs,bowler_runs,extras_type,is_wicket,dismissal_kind,bowler_wicket_flag,ball_faced_flag,legal_ball_flag,four_flag,six_flag,phase,super_over_flag
1426312,1,0,1,2024,15,7,74,372,0,0,0,0,,0,,0,1,1,0,0,1 Powerplay (1-6),0
1426312,1,0,2,2024,15,7,74,372,0,0,0,0,,0,,0,1,1,0,0,1 Powerplay (1-6),0
1426312,1,0,3,2024,15,7,74,372,0,0,0,0,,0,,0,1,1,0,0,1 Powerplay (1-6),0
1426312,1,0,4,2024,15,7,74,372,2,0,2,2,,0,,0,1,1,0,0,1 Powerplay (1-6),0
1426312,1,0,5,2024,15,7,74,372,0,0,0,0,,1,bowled,1,1,1,0,0,1 Powerplay (1-6),0
1426312,1,0,6,2024,15,7,514,372,1,0,1,1,,0,,0,1,1,0,0,1 Powerplay (1-6),0
1426312,1,1,1,2024,15,7,514,695,0,0,0,0,,0,,0,1,1,0,0,1 Powerplay (1-6),0
1426312,1,1,2,2024,15,7,514,695,0,0,0,0,,0,,0,1,1,0,0,1 Powerplay (1-6),0
1426312,1,1,3,2024,15,7,514,695,0,0,0,0,,0,,0,1,1,0,0,1 Powerplay (1-6),0
1426312,1,1,4,2024,15,7,514,695,0,2,2,0,legbyes,0,,0,1,1,0,0,1 Powerplay (1-6),0
1426312,1,1,5,2024,15,7,514,695,1,0,1,1,,0,,0,1,1,0,0,1 Powerplay (1-6),0
1426312,1,1,6,2024,15,7,673,695,0,0,0,0,,1,caught,1,1,1,0,0,1 Powerplay (1-6),0
1426312,1,2,1,2024,15,7,514,372,4,0,4,4,,0,,0,1,1,1,0,1 Powerplay (1-6),0
1426312,1,2,2,2024,15,7,514,372,1,0,1,1,,0,,0,1,1,0,0,1 Powerplay (1-6),0
1426312,1,2,3,2024,15,7,50,372,0,0,0,0,,0,,0,1,1,0,0,1 Powerplay (1-6),0
1426312,1,2,4,2024,15,7,50,372,4,0,4,4,,0,,0,1,1,1,0,1 Powerplay (1-6),0
1426312,1,2,5,2024,15,7,50,372,0,0,0,0,,0,,0,1,1,0,0,1 Powerplay (1-6),0
1426312,1,2,6,2024,15,7,50,372,0,0,0,0,,0,,0,1,1,0,0,1 Powerplay (1-6),0
1426312,1,3,1,2024,15,7,514,695,0,1,1,1,wides,0,,0,0,0,0,0,1 Powerplay (1-6),0
1426312,1,3,2,2024,15,7,514,695,0,1,1,1,wides,0,,0,0,0,0,0,1 Powerplay (1-6),0
1426312,1,3,3,2024,15,7,514,695,1,0,1,1,,0,,0,1,1,0,0,1 Powerplay (1-6),0
1426312,1,3,4,2024,15,7,50,695,0,0,0,0,,0,,0,1,1,0,0,1 Powerplay (1-6),0
1426312,1,3,5,2024,15,7,50,695,1,0,1,1,,0,,0,1,1,0,0,1 Powerplay (1-6),0
1426312,1,3,6,2024,15,7,514,695,0,0,0,0,,0,,0,1,1,0,0,1 Powerplay (1-6),0
1426312,1,3,7,2024,15,7,514,695,0,1,1,1,wides,0,,0,0,0,0,0,1 Powerplay (1-6),0
1426312,1,3,8,2024,15,7,514,695,1,0,1,1,,0,,0,1,1,0,0,1 Powerplay (1-6),0
1426312,1,3,9,2024,15,7,50,695,0,0,0,0,,0,,0,1,1,0,0,1 Powerplay (1-6),0
1426312,1,4,1,2024,15,7,514,372,0,0,0,0,,0,,0,1,1,0,0,1 Powerplay (1-6),0
1426312,1,4,2,2024,15,7,514,372,0,0,0,0,,1,caught,1,1,1,0,0,1 Powerplay (1-6),0
1426312,1,4,3,2024,15,7,449,372,1,0,1,1,,0,,0,1,1,0,0,1 Powerplay (1-6),0
1426312,1,4,4,2024,15,7,50,372,1,0,1,1,,0,,0,1,1,0,0,1 Powerplay (1-6),0
1426312,1,4,5,2024,15,7,449,372,0,0,0,0,,0,,0,1,1,0,0,1 Powerplay (1-6),0
1426312,1,4,6,2024,15,7,449,372,0,0,0,0,,0,,0,1,1,0,0,1 Powerplay (1-6),0
1426312,1,5,1,2024,15,7,50,695,0,1,1,1,wides,0,,0,0,0,0,0,1 Powerplay (1-6),0
1426312,1,5,2,2024,15,7,50,695,4,0,4,4,,0,,0,1,1,1,0,1 Powerplay (1-6),0
1426312,1,5,3,2024,15,7,50,695,4,0,4,4,,0,,0,1,1,1,0,1 Powerplay (1-6),0
1426312,1,5,4,2024,15,7,50,695,1,0,1,1,,0,,0,1,1,0,0,1 Powerplay (1-6),0
1426312,1,5,5,2024,15,7,449,695,0,0,0,0,,0,,0,1,1,0,0,1 Powerplay (1-6),0
1426312,1,5,6,2024,15,7,449,695,6,0,6,6,,0,,0,1,1,0,1,1 Powerplay (1-6),0
1426312,1,5,7,2024,15,7,449,695,1,0,1,1,,0,,0,1,1,0,0,1 Powerplay (1-6),0
1426312,1,6,1,2024,15,7,449,237,4,0,4,4,,0,,0,1,1,1,0,2 Middle (7-15),0
1426312,1,6,2,2024,15,7,449,237,1,0,1,1,,0,,0,1,1,0,0,2 Middle (7-15),0
1426312,1,6,3,2024,15,7,50,237,0,1,1,1,wides,0,,0,0,0,0,0,2 Middle (7-15),0
1426312,1,6,4,2024,15,7,50,237,0,0,0,0,,0,,0,1,1,0,0,2 Middle (7-15),0
1426312,1,6,5,2024,15,7,50,237,1,0,1,1,,0,,0,1,1,0,0,2 Middle (7-15),0
1426312,1,6,6,2024,15,7,449,237,0,0,0,0,,0,,0,1,1,0,0,2 Middle (7-15),0
1426312,1,6,7,2024,15,7,449,237,0,0,0,0,,1,caught,1,1,1,0,0,2 Middle (7-15),0
1426312,1,7,1,2024,15,7,50,612,0,0,0,0,,0,,0,1,1,0,0,2 Middle (7-15),0
1426312,1,7,2,2024,15,7,50,612,1,0,1,1,,0,,0,1,1,0,0,2 Middle (7-15),0
1426312,1,7,3,2024,15,7,223,612,1,0,1,1,,0,,0,1,1,0,0,2 Middle (7-15),0
1426312,1,7,4,2024,15,7,50,612,0,0,0,0,,0,,0,1,1,0,0,2 Middle (7-15),0
1426312,1,7,5,2024,15,7,50,612,1,0,1,1,,0,,0,1,1,0,0,2 Middle (7-15),0
1426312,1,7,6,2024,15,7,223,612,1,0,1,1,,0,,0,1,1,0,0,2 Middle (7-15),0
1426312,1,8,1,2024,15,7,223,237,4,0,4,4,,0,,0,1,1,1,0,2 Middle (7-15),0
1426312,1,8,2,2024,15,7,223,237,1,0,1,1,,0,,0,1,1,0,0,2 Middle (7-15),0
1426312,1,8,3,2024,15,7,50,237,1,0,1,1,,0,,0,1,1,0,0,2 Middle (7-15),0
1426312,1,8,4,2024,15,7,223,237,0,0,0,0,,0,,0,1,1,0,0,2 Middle (7-15),0
1426312,1,8,5,2024,15,7,223,237,0,0,0,0,,0,,0,1,1,0,0,2 Middle (7-15),0
1426312,1,8,6,2024,15,7,223,237,1,0,1,1,,0,,0,1,1,0,0,2 Middle (7-15),0
1426312,1,9,1,2024,15,7,223,612,1,0,1,1,,0,,0,1,1,0,0,2 Middle (7-15),0
