match_id,season,match_date,stage,match_type,venue_key,team1_key,team2_key,toss_winner_key,winner_key,bat_first_team_key,toss_decision,result,result_margin,target_runs,super_over_flag,dl_method_flag,no_result_flag,toss_winner_won_flag,bat_first_won_flag,first_innings_runs,first_innings_wkts,second_innings_runs,second_innings_wkts
1422119,2024,2024-03-22,League,League,18,14,1,14,1,14,bat,wickets,6,174,0,0,0,0,0,173,6,176,4
1422120,2024,2024-03-23,League,League,19,3,11,11,11,3,field,wickets,4,175,0,0,0,1,0,174,9,177,6
1422121,2024,2024-03-23,League,League,11,7,15,15,7,7,field,runs,4,209,0,0,0,0,1,208,7,204,7
1422122,2024,2024-03-24,League,League,29,12,8,12,12,12,bat,runs,20,194,0,0,0,1,1,193,4,173,6
1422123,2024,2024-03-24,League,League,21,5,9,9,5,5,field,runs,6,169,0,0,0,0,1,168,6,162,9
1422124,2024,2024-03-25,League,League,17,11,14,14,14,11,field,wickets,4,177,0,0,0,1,0,176,6,178,6
1422125,2024,2024-03-26,League,League,18,1,5,5,1,1,field,runs,63,207,0,0,0,0,1,206,6,143,8
1422126,2024,2024-03-27,League,League,27,15,9,9,15,15,field,runs,31,278,0,0,0,0,1,277,3,246,5
1422127,2024,2024-03-28,League,League,29,12,3,3,12,12,field,runs,12,186,0,0,0,0,1,185,5,173,5
1422128,2024,2024-03-29,League,League,17,14,7,7,7,14,field,wickets,7,183,0,0,0,1,0,182,6,186,3
1422129,2024,2024-03-30,League,League,4,8,11,8,8,8,bat,runs,21,200,0,0,0,1,1,199,8,178,5
1422130,2024,2024-03-31,League,League,21,15,5,15,5,15,bat,wickets,7,163,0,0,0,0,0,162,8,168,3
1422131,2024,2024-03-31,League,League,9,3,1,3,3,3,bat,runs,20,192,0,0,0,1,1,191,5,171,6
1422132,2024,2024-04-01,League,League,35,9,12,12,12,9,field,wickets,6,126,0,0,0,1,0,125,9,127,4
1422133,2024,2024-04-02,League,League,17,8,14,14,8,8,field,runs,28,182,0,0,0,0,1,181,5,153,10
1422134,2024,2024-04-03,League,League,9,7,3,7,7,7,bat,runs,106,273,0,0,0,1,1,272,7,166,10
1422135,2024,2024-04-04,League,League,21,5,11,11,11,5,field,wickets,3,200,0,0,0,1,0,199,4,200,7
1422136,2024,2024-04-05,League,League,27,1,15,15,15,1,field,wickets,6,166,0,0,0,1,0,165,5,166,4
1422137,2024,2024-04-06,League,League,29,14,12,12,12,14,field,wickets,6,184,0,0,0,1,0,183,3,189,4
1422138,2024,2024-04-07,League,League,35,9,3,3,9,9,field,runs,29,235,0,0,0,0,1,234,5,205,8
1422139,2024,2024-04-07,League,League,4,8,5,8,8,8,bat,runs,33,164,0,0,0,1,1,163,5,130,10
1426260,2024,2024-04-08,League,League,18,7,1,1,1,7,field,wickets,7,138,0,0,0,1,0,137,9,141,3
1426261,2024,2024-04-09,League,League,19,15,11,11,15,15,field,runs,2,183,0,0,0,0,1,182,9,180,6
1426262,2024,2024-04-10,League,League,29,12,5,5,5,12,field,wickets,3,197,0,0,0,1,0,196,3,199,7
1426263,2024,2024-04-11,League,League,35,14,9,9,9,14,field,wickets,7,197,0,0,0,1,0,196,8,199,3
1426264,2024,2024-04-12,League,League,4,8,3,8,3,8,bat,wickets,6,168,0,0,0,0,0,167,7,170,4
1426265,2024,2024-04-13,League,League,19,11,12,12,12,11,field,wickets,3,148,0,0,0,1,0,147,8,152,7
1426266,2024,2024-04-14,League,League,11,8,7,7,7,8,field,wickets,8,162,0,0,0,1,0,161,7,162,2
1426267,2024,2024-04-14,League,League,35,1,9,9,1,1,field,runs,20,207,0,0,0,0,1,206,4,186,6
1426268,2024,2024-04-15,League,League,17,15,14,14,15,15,field,runs,25,288,0,0,0,0,1,287,3,262,7
1426269,2024,2024-04-16,League,League,11,7,12,12,12,7,field,wickets,2,224,0,0,0,1,0,223,6,224,8
1426270,2024,2024-04-17,League,League,21,5,3,3,3,5,field,wickets,6,90,0,0,0,1,0,89,10,92,4
1426271,2024,2024-04-18,League,League,19,9,11,11,9,9,field,runs,9,193,0,0,0,0,1,192,7,183,10
1426272,2024,2024-04-19,League,League,4,1,8,8,8,1,field,wickets,8,177,0,0,0,1,0,176,6,180,2
1426273,2024,2024-04-20,League,League,1,15,3,3,15,15,field,runs,67,267,0,0,0,0,1,266,7,199,10
1426274,2024,2024-04-21,League,League,11,7,14,14,7,7,field,runs,1,223,0,0,0,0,1,222,6,221,10
1426275,2024,2024-04-21,League,League,19,11,5,11,5,11,bat,wickets,3,143,0,0,0,0,0,142,10,146,7
1426276,2024,2024-04-22,League,League,29,9,12,9,12,9,bat,wickets,9,180,0,0,0,0,0,179,9,183,1
1426277,2024,2024-04-23,League,League,18,1,8,8,8,1,field,wickets,6,211,0,0,0,1,0,210,4,213,4
1426278,2024,2024-04-24,League,League,1,3,5,5,3,3,field,runs,4,225,0,0,0,0,1,224,4,220,8
1426279,2024,2024-04-25,League,League,27,14,15,14,14,14,bat,runs,35,207,0,0,0,1,1,206,7,171,8
1426280,2024,2024-04-26,League,League,11,7,11,11,11,7,field,wickets,8,262,0,0,0,1,0,261,6,262,2
1426281,2024,2024-04-27,League,League,1,3,9,9,3,3,field,runs,10,258,0,0,0,0,1,257,4,247,9
1426282,2024,2024-04-27,League,League,4,8,12,12,12,8,field,wickets,7,197,0,0,0,1,0,196,5,199,3
1426283,2024,2024-04-28,League,League,21,5,14,14,14,5,field,wickets,9,201,0,0,0,1,0,200,3,206,1
1426284,2024,2024-04-28,League,League,18,1,15,15,1,1,field,runs,78,213,0,0,0,0,1,212,3,134,10
1426285,2024,2024-04-29,League,League,11,3,7,3,7,3,bat,wickets,7,154,0,0,0,0,0,153,9,157,3
1426286,2024,2024-04-30,League,League,4,9,8,8,8,9,field,wickets,4,145,0,0,0,1,0,144,7,145,6
1426287,2024,2024-05-01,League,League,18,1,11,11,11,1,field,wickets,7,163,0,0,0,1,0,162,7,163,3
1426288,2024,2024-05-02,League,League,27,15,12,15,15,15,bat,runs,1,202,0,0,0,1,1,201,3,200,7
1426289,2024,2024-05-03,League,League,35,7,9,9,7,7,field,runs,24,170,0,0,0,0,1,169,10,145,10
1426290,2024,2024-05-04,League,League,17,5,14,14,14,5,field,wickets,4,148,0,0,0,1,0,147,10,152,6
1426291,2024,2024-05-05,League,League,13,1,11,11,1,1,field,runs,28,168,0,0,0,0,1,167,9,139,9
1426292,2024,2024-05-05,League,League,4,7,8,8,7,7,field,runs,98,236,0,0,0,0,1,235,6,137,10
1426293,2024,2024-05-06,League,League,35,15,9,9,9,15,field,wickets,7,174,0,0,0,1,0,173,8,174,3
1426294,2024,2024-05-07,League,League,1,3,12,12,3,3,field,runs,20,222,0,0,0,0,1,221,8,201,8
1426295,2024,2024-05-08,League,League,27,8,15,8,15,8,bat,wickets,10,166,0,0,0,0,0,165,4,167,0
1426296,2024,2024-05-09,League,League,13,14,11,11,14,14,field,runs,60,242,0,0,0,0,1,241,7,181,10
1426297,2024,2024-05-10,League,League,21,5,1,1,5,5,field,runs,35,232,0,0,0,0,1,231,3,196,8
1426298,2024,2024-05-11,League,League,11,7,9,9,7,7,field,runs,18,158,0,0,0,0,1,157,7,139,8
1426299,2024,2024-05-12,League,League,18,12,1,12,1,12,bat,wickets,5,142,0,0,0,0,0,141,5,145,5
1426300,2024,2024-05-12,League,League,17,14,3,3,14,14,field,runs,47,188,0,0,0,0,1,187,9,140,10
1426302,2024,2024-05-14,League,League,1,3,8,8,3,3,field,runs,19,209,0,0,0,0,1,208,4,189,9
1426303,2024,2024-05-15,League,League,3,12,11,12,11,12,bat,wickets,5,145,0,0,0,0,0,144,9,145,5
1426305,2024,2024-05-17,League,League,35,8,9,9,8,8,field,runs,18,215,0,0,0,0,1,214,6,196,6
1426306,2024,2024-05-18,League,League,17,14,1,1,14,14,field,runs,27,219,0,0,0,0,1,218,5,191,7
1426307,2024,2024-05-19,League,League,27,11,15,11,15,11,bat,wickets,4,215,0,0,0,0,0,214,5,215,6
1426309,2024,2024-05-21,Playoff,Qualifier 1,21,15,7,15,7,15,bat,wickets,8,160,0,0,0,0,0,159,10,164,2
1426310,2024,2024-05-22,Playoff,Eliminator,21,14,12,12,12,14,field,wickets,4,173,0,0,0,1,0,172,8,174,6
1426311,2024,2024-05-24,Playoff,Qualifier 2,18,15,12,12,15,15,field,runs,36,176,0,0,0,0,1,175,9,139,7
1426312,2024,2024-05-26,Playoff,Final,18,15,7,15,7,15,bat,wickets,8,114,0,0,0,0,0,113,10,114,2
